{
    "specVersion":"1.0",
    "fileName":"Parking_Chinastar_CSiTVP06T",
    "version":"1.0.1",
    "deviceType":"Parking",
    "manufacturerName":"Chinastar",
    "model":"CSiTVP06T",
    "description":"China Parking detection products",
    "platform":"linux",
    "packageType":"CIGPlugin",
    "date":"2018-08-20 12:16:59",
	"ignoreList":[],
    "bundles":[
    {
        "bundleName": "Parking_Chinastar_CSiTVP06T",
        "bundleVersion": "1.0.1",
        "priority":5,
        "fileName": "Parking-Chinastar-CSiTVP06T-1.0.1.jar",
        "bundleDesc":"",
        "versionDesc":""
    }]
}
