{
    "services": [
        {
            "commands": [],
            "description": "Terminal start up information",
            "properties": [
                
                {
                    "dataType": "string",
                     "max": 0,
                    "maxLength": 3,
                    "method": "RE",
                     "min": 0,
                    "propertyName": "ProtocolVersion",
                    "required": true,
                    "step": 0.0
                },
                {
                    "dataType": "string",
                     "max": 0,
                    "maxLength": 5,
                    "method": "RE",
                     "min": 0,
                    "propertyName": "DeviceID",
                    "required": true,
                    "step": 0.0
                },
                 {
                    "dataType": "string",
                     "max": 0,
                    "maxLength": 5,
                    "method": "RE",
                     "min": 0,
                    "propertyName": "MessageID",
                    "required": true,
                    "step": 0.0
                },
                {
                    "dataType": "string",
                     "max": 0,
                    "maxLength": 10,
                    "method": "RE",
                     "min": 0,
                    "propertyName": "SN",
                    "required": true,
                    "step": 0.0
                },
                {
                    "dataType": "int",
                    "max": 255,
                    "maxLength": 3,
                    "method": "RE",
                    "min": 0,
                    "propertyName": "DeviceType",
                    "required": true,
                    "step": 1.0,
                    "unit": "s"
                },
                {
                    "dataType": "string",
                     "max": 0,
                    "maxLength": 3,
                    "method": "RE",
                     "min": 0,
                    "propertyName": "versionHW",
                    "required": true,
                    "step": 0.0
                },
                {
                    "dataType": "string",
                     "max": 0,
                    "maxLength": 10,
                    "method": "RE",
                     "min": 0,
                    "propertyName": "versionSW",
                    "required": true,
                    "step": 0.0
                },{
                    "dataType": "int",
                    "max": 255,
                    "maxLength": 3,
                    "method": "RE",
                    "min": 0,
                    "propertyName": "register",
                    "required": true,
                    "step": 1.0,
                    "unit": null
                    },
                {
                    "dataType": "int",
                    "max": 255,
                    "maxLength": 3,
                    "method": "RE",
                    "min": 0,
                    "propertyName": "TimelyReportInterval",
                    "required": true,
                    "step": 1.0,
                    "unit": "s"
                },
                {
                    "dataType": "int",
                    "max": 65535,
                    "maxLength": 5,
                    "method": "RE",
                    "min": 0,
                    "propertyName": "TimelySampleInterval",
                    "required": true,
                    "step": 1.0,
                    "unit": null
                  },
               {
                    "dataType": "string",
                     "max": 0,
                    "maxLength": 16,
                    "method": "RE",
                     "min": 0,
                    "propertyName": "IMEI",
                    "required": true,
                    "step": 0.0
                },
               {
                    "dataType": "string",
                     "max": 0,
                    "maxLength": 16,
                    "method": "RE",
                     "min": 0,
                    "propertyName": "IMSI",
                    "required": true,
                    "step": 0.0
                },
                {
                    "dataType": "int",
                     "max": 255,
                    "maxLength": 3,
                    "method": "RE",
                    "min": 0,
                    "propertyName": "DetectThresholdLevel",
                    "required": true,
                    "step": 1.0,
                    "unit": "s"
                },
                {
                    "dataType": "int",
                     "max": 255,
                    "maxLength": 3,
                    "method": "RE",
                    "min": 0,
                    "propertyName": "WithoutCarThreshold",
                    "required": true,
                    "step": 1.0,
                    "unit": "s"
                },
                {
                    "dataType": "int",
                     "max": 255,
                    "maxLength": 3,
                    "method": "RE",
                    "min": 0,
                    "propertyName": "WithCarThreshold",
                    "required": true,
                    "step": 1.0,
                    "unit": "s"
                }
            ],
            "serviceType": "BootMessage"
        }
    ]
}