{
    "devices": [
        {
            "deviceType": "Parking",
            "manufacturerId": "Chinastar",
            "manufacturerName": "Chinastar",
            "model": "CSiTVP06P",
            "protocolType": "CoAP",
            "serviceTypeCapabilities": [
                {
                    "option": "",
                    "serviceId": "BootMessage",
                    "serviceType": "BootMessage"
                },
                {
                    "option": "",
                    "serviceId": "ParkingCommand",
                    "serviceType": "ParkingCommand"
                },
                {
                    "option": "",
                    "serviceId": "TimelyReportMessage",
                    "serviceType": "TimelyReportMessage"
                }
            ]
        }
    ]
}